{
  "best_value": -22.846726255928818,
  "best_params": {
    "learning_rate": 0.000503293059797754,
    "batch_size": 512,
    "gamma": 0.9717277912984869,
    "tau": 0.008294599313449351
  },
  "best_reward": -7.180059589262152,
  "best_cost": 15.666666666666666,
  "best_run_dir": "experiments/sac/SafetyPointGoal1-v0/n_timesteps_10000/sweep_trial_000"
}